{
    "accuracy": 0.874355351642262,
    "precision": 0.9372142923780203,
    "recall": 0.802468272907909,
    "auc_roc": 0.931159471005635
}