{
    "classification_report": {
        "0": {
            "precision": 0.827299630732163,
            "recall": 0.9462417125968527,
            "f1-score": 0.8827822620084488,
            "support": 100152
        },
        "1": {
            "precision": 0.9372142923780203,
            "recall": 0.802468272907909,
            "f1-score": 0.86462294852692,
            "support": 100151
        },
        "accuracy": 0.874355351642262,
        "macro avg": {
            "precision": 0.8822569615550917,
            "recall": 0.8743549927523808,
            "f1-score": 0.8737026052676844,
            "support": 200303
        },
        "weighted avg": {
            "precision": 0.8822566871841097,
            "recall": 0.874355351642262,
            "f1-score": 0.8737026505972938,
            "support": 200303
        }
    },
    "auc_roc_score": 0.931159471005635
}